Ash(O),C(O),O/C(O),H/C(O),N/C(O),HHV(O),Moisture,Temperature,Time,Yield,C(H),O/C(H),H/C(H),N/C(H),Ash(H),HHV(H),CR,ER,,,,,,
48.700 ,29.000 ,0.570 ,1.290 ,0.083 ,11.600 ,91.900 ,163.000 ,50.000 ,79.500 ,27.000 ,0.331 ,1.289 ,0.051 ,56.000 ,11.100 ,74.017 ,76.073 ,,,,,,
48.700 ,29.000 ,0.570 ,1.290 ,0.083 ,11.600 ,91.900 ,180.000 ,30.000 ,75.500 ,24.900 ,0.346 ,1.205 ,0.052 ,59.000 ,9.400 ,64.826 ,61.181 ,,,,,,
48.700 ,29.000 ,0.570 ,1.290 ,0.083 ,11.600 ,91.900 ,180.000 ,70.000 ,77.800 ,28.200 ,0.231 ,1.319 ,0.046 ,57.000 ,11.800 ,75.654 ,79.141 ,,,,,,
48.700 ,29.000 ,0.570 ,1.290 ,0.083 ,11.600 ,91.900 ,220.000 ,22.000 ,76.300 ,26.900 ,0.195 ,1.115 ,0.048 ,61.000 ,10.900 ,70.775 ,71.696 ,,,,,,
48.700 ,29.000 ,0.570 ,1.290 ,0.083 ,11.600 ,91.900 ,220.000 ,50.000 ,69.900 ,26.800 ,0.126 ,1.164 ,0.045 ,64.000 ,10.900 ,64.597 ,65.682 ,,,,,,
48.700 ,29.000 ,0.570 ,1.290 ,0.083 ,11.600 ,91.900 ,220.000 ,50.000 ,72.800 ,23.000 ,0.215 ,1.132 ,0.045 ,65.000 ,9.300 ,57.738 ,58.366 ,,,,,,
48.700 ,29.000 ,0.570 ,1.290 ,0.083 ,11.600 ,91.900 ,220.000 ,50.000 ,73.800 ,24.700 ,0.188 ,1.069 ,0.049 ,65.000 ,9.300 ,62.857 ,59.167 ,,,,,,
48.700 ,29.000 ,0.570 ,1.290 ,0.083 ,11.600 ,91.900 ,220.000 ,78.000 ,75.000 ,25.100 ,0.230 ,1.195 ,0.044 ,62.000 ,10.200 ,64.914 ,65.948 ,,,,,,
48.700 ,29.000 ,0.570 ,1.290 ,0.083 ,11.600 ,91.900 ,260.000 ,30.000 ,73.400 ,23.200 ,0.281 ,1.138 ,0.041 ,63.000 ,9.600 ,58.720 ,60.745 ,,,,,,
48.700 ,29.000 ,0.570 ,1.290 ,0.083 ,11.600 ,91.900 ,260.000 ,70.000 ,71.900 ,27.200 ,0.036 ,1.191 ,0.041 ,67.000 ,11.400 ,67.437 ,70.660 ,,,,,,
48.700 ,29.000 ,0.570 ,1.290 ,0.083 ,11.600 ,91.900 ,277.000 ,50.000 ,69.900 ,24.400 ,0.160 ,1.131 ,0.042 ,68.000 ,10.300 ,58.812 ,62.066 ,,,,,,
25.660 ,40.110 ,0.440 ,1.590 ,0.093 ,17.170 ,90.500 ,180.000 ,60.000 ,62.320 ,45.820 ,0.144 ,1.215 ,0.096 ,34.510 ,19.750 ,71.192 ,71.684 ,,,,,,
29.560 ,38.490 ,0.500 ,1.720 ,0.114 ,16.660 ,90.500 ,180.000 ,60.000 ,68.320 ,38.020 ,0.315 ,1.493 ,0.101 ,35.990 ,16.310 ,67.486 ,66.885 ,,,,,,
31.770 ,34.780 ,0.438 ,1.356 ,0.124 ,16.610 ,95.710 ,160.000 ,30.000 ,68.800 ,35.530 ,0.326 ,1.415 ,0.123 ,38.630 ,16.970 ,70.280 ,70.050 ,,,,,,
31.770 ,34.780 ,0.438 ,1.356 ,0.124 ,16.610 ,95.710 ,220.000 ,30.000 ,73.400 ,33.210 ,0.331 ,1.413 ,0.052 ,45.110 ,14.330 ,70.110 ,70.620 ,,,,,,
31.770 ,34.780 ,0.438 ,1.356 ,0.124 ,16.610 ,95.710 ,250.000 ,30.000 ,56.800 ,38.030 ,0.291 ,1.543 ,0.095 ,36.880 ,17.800 ,62.040 ,61.220 ,,,,,,
36.700 ,33.300 ,0.457 ,1.658 ,0.103 ,14.400 ,97.500 ,250.000 ,30.000 ,68.000 ,32.100 ,0.220 ,1.570 ,0.051 ,51.200 ,15.400 ,65.550 ,72.722 ,,,,,,
36.700 ,33.300 ,0.457 ,1.658 ,0.103 ,14.400 ,95.000 ,250.000 ,30.000 ,72.000 ,32.300 ,0.239 ,1.560 ,0.056 ,50.000 ,15.300 ,69.838 ,76.500 ,,,,,,
36.700 ,33.300 ,0.457 ,1.658 ,0.103 ,14.400 ,90.000 ,250.000 ,30.000 ,75.000 ,33.100 ,0.238 ,1.595 ,0.060 ,48.400 ,15.800 ,74.550 ,82.292 ,,,,,,
36.700 ,33.300 ,0.457 ,1.658 ,0.103 ,14.400 ,85.000 ,250.000 ,30.000 ,74.000 ,33.000 ,0.223 ,1.564 ,0.060 ,49.400 ,15.700 ,73.333 ,80.681 ,,,,,,
36.700 ,33.300 ,0.457 ,1.658 ,0.103 ,14.400 ,82.500 ,250.000 ,30.000 ,75.000 ,33.100 ,0.213 ,1.559 ,0.060 ,49.700 ,15.600 ,74.550 ,81.250 ,,,,,,
36.700 ,33.300 ,0.457 ,1.658 ,0.103 ,14.400 ,80.000 ,250.000 ,30.000 ,76.000 ,33.800 ,0.215 ,1.527 ,0.061 ,48.600 ,15.900 ,77.141 ,83.917 ,,,,,,
36.700 ,33.300 ,0.457 ,1.658 ,0.103 ,14.400 ,75.000 ,250.000 ,30.000 ,76.000 ,33.800 ,0.220 ,1.527 ,0.066 ,48.000 ,16.000 ,77.141 ,84.444 ,,,,,,
36.700 ,33.300 ,0.457 ,1.658 ,0.103 ,14.400 ,70.000 ,250.000 ,30.000 ,75.000 ,34.400 ,0.190 ,1.535 ,0.070 ,48.500 ,16.500 ,77.477 ,85.938 ,,,,,,
19.790 ,39.430 ,0.530 ,1.570 ,0.154 ,16.640 ,75.000 ,180.000 ,240.000 ,64.000 ,43.330 ,0.280 ,1.350 ,0.101 ,20.350 ,18.640 ,70.330 ,71.640 ,,,,,,
19.790 ,39.430 ,0.530 ,1.570 ,0.154 ,16.640 ,75.000 ,210.000 ,240.000 ,55.400 ,46.180 ,0.130 ,1.200 ,0.088 ,35.420 ,20.070 ,64.884 ,66.830 ,,,,,,
19.790 ,39.430 ,0.530 ,1.570 ,0.154 ,16.640 ,75.000 ,250.000 ,240.000 ,51.500 ,47.150 ,0.100 ,1.150 ,0.081 ,37.230 ,20.430 ,61.583 ,63.230 ,,,,,,
24.200 ,34.230 ,0.663 ,2.251 ,0.104 ,13.300 ,77.200 ,180.000 ,30.000 ,77.939 ,42.270 ,0.270 ,1.505 ,0.083 ,32.060 ,19.940 ,96.245 ,116.849 ,,,,,,
24.200 ,34.230 ,0.663 ,2.251 ,0.104 ,13.300 ,77.200 ,200.000 ,15.000 ,78.119 ,43.110 ,0.241 ,1.523 ,0.074 ,32.810 ,19.900 ,98.385 ,116.885 ,,,,,,
24.200 ,34.230 ,0.663 ,2.251 ,0.104 ,13.300 ,77.200 ,200.000 ,30.000 ,61.088 ,42.150 ,0.243 ,1.509 ,0.081 ,33.860 ,19.850 ,75.222 ,91.172 ,,,,,,
24.200 ,34.230 ,0.663 ,2.251 ,0.104 ,13.300 ,77.200 ,200.000 ,60.000 ,61.510 ,43.980 ,0.205 ,1.514 ,0.082 ,33.120 ,20.120 ,79.030 ,93.051 ,,,,,,
24.200 ,34.230 ,0.663 ,2.251 ,0.104 ,13.300 ,77.200 ,220.000 ,30.000 ,61.316 ,43.940 ,0.202 ,1.477 ,0.074 ,33.900 ,20.160 ,78.709 ,92.942 ,,,,,,
30.800 ,34.200 ,0.530 ,1.810 ,0.138 ,14.811 ,88.000 ,190.000 ,180.000 ,83.300 ,26.900 ,0.570 ,2.280 ,0.096 ,44.500 ,12.252 ,65.520 ,68.907 ,,,,,,
30.800 ,34.200 ,0.530 ,1.810 ,0.138 ,14.811 ,88.000 ,220.000 ,180.000 ,76.300 ,28.200 ,0.490 ,1.700 ,0.055 ,47.500 ,11.568 ,62.914 ,59.595 ,,,,,,
30.800 ,34.200 ,0.530 ,1.810 ,0.138 ,14.811 ,88.000 ,250.000 ,180.000 ,62.900 ,36.300 ,0.170 ,1.650 ,0.118 ,45.000 ,16.594 ,66.762 ,70.475 ,,,,,,
51.900 ,18.567 ,0.933 ,2.182 ,0.140 ,6.880 ,80.000 ,150.000 ,120.000 ,92.800 ,12.543 ,0.752 ,2.300 ,0.095 ,71.100 ,4.320 ,62.691 ,58.264 ,,,,,,
51.900 ,18.567 ,0.933 ,2.182 ,0.140 ,6.880 ,80.000 ,180.000 ,120.000 ,85.700 ,11.942 ,0.636 ,2.242 ,0.071 ,74.700 ,4.086 ,55.120 ,50.896 ,,,,,,
51.900 ,18.567 ,0.933 ,2.182 ,0.140 ,6.880 ,80.000 ,200.000 ,120.000 ,84.200 ,11.640 ,0.615 ,2.137 ,0.060 ,75.900 ,3.829 ,52.789 ,46.863 ,,,,,,
51.900 ,18.567 ,0.933 ,2.182 ,0.140 ,6.880 ,80.000 ,220.000 ,120.000 ,83.500 ,11.566 ,0.607 ,2.095 ,0.055 ,76.300 ,3.751 ,52.014 ,45.529 ,,,,,,
51.900 ,18.567 ,0.933 ,2.182 ,0.140 ,6.880 ,80.000 ,250.000 ,120.000 ,82.600 ,11.033 ,0.430 ,2.021 ,0.050 ,77.800 ,3.658 ,49.086 ,43.915 ,,,,,,
51.900 ,18.567 ,0.933 ,2.182 ,0.140 ,6.880 ,80.000 ,300.000 ,120.000 ,79.700 ,11.348 ,1.032 ,1.985 ,0.059 ,80.400 ,2.770 ,48.715 ,32.092 ,,,,,,
13.600 ,43.000 ,0.537 ,1.647 ,0.128 ,18.500 ,89.500 ,170.000 ,60.000 ,48.500 ,46.300 ,0.389 ,1.607 ,0.122 ,16.400 ,20.600 ,52.222 ,54.005 ,,,,,,
13.600 ,43.000 ,0.537 ,1.647 ,0.128 ,18.500 ,89.500 ,230.000 ,60.000 ,29.700 ,50.500 ,0.177 ,1.331 ,0.107 ,25.300 ,22.400 ,34.880 ,35.961 ,,,,,,
35.030 ,47.010 ,0.168 ,1.595 ,0.022 ,22.210 ,60.002 ,180.000 ,30.000 ,82.420 ,46.950 ,0.092 ,1.549 ,0.017 ,40.300 ,22.380 ,82.315 ,83.051 ,,,,,,
35.030 ,47.010 ,0.168 ,1.595 ,0.022 ,22.210 ,60.000 ,200.000 ,30.000 ,85.110 ,46.410 ,0.130 ,1.616 ,0.019 ,38.020 ,22.540 ,84.024 ,86.375 ,,,,,,
35.030 ,47.010 ,0.168 ,1.595 ,0.022 ,22.210 ,60.000 ,220.000 ,30.000 ,84.780 ,47.690 ,0.069 ,1.553 ,0.015 ,40.880 ,22.880 ,86.006 ,87.338 ,,,,,,
35.030 ,47.010 ,0.168 ,1.595 ,0.022 ,22.210 ,60.000 ,240.000 ,30.000 ,84.910 ,47.460 ,0.104 ,1.259 ,0.013 ,40.270 ,17.980 ,85.723 ,68.738 ,,,,,,
35.030 ,47.010 ,0.168 ,1.595 ,0.022 ,22.210 ,60.000 ,260.000 ,30.000 ,80.760 ,45.430 ,0.115 ,1.484 ,0.016 ,41.160 ,21.190 ,78.046 ,77.051 ,,,,,,
35.030 ,47.010 ,0.168 ,1.595 ,0.022 ,22.210 ,60.000 ,280.000 ,30.000 ,72.940 ,47.280 ,0.050 ,1.477 ,0.015 ,42.910 ,22.430 ,73.359 ,73.663 ,,,,,,
35.030 ,47.010 ,0.168 ,1.595 ,0.022 ,22.210 ,60.000 ,300.000 ,30.000 ,69.260 ,44.350 ,0.138 ,1.656 ,0.017 ,40.530 ,21.350 ,65.341 ,66.578 ,,,,,,
30.480 ,33.300 ,0.594 ,1.694 ,0.133 ,13.780 ,91.630 ,200.000 ,60.000 ,55.200 ,33.000 ,0.394 ,1.585 ,0.124 ,40.500 ,13.990 ,54.703 ,56.041 ,,,,,,
30.480 ,33.300 ,0.594 ,1.694 ,0.133 ,13.780 ,91.630 ,200.000 ,240.000 ,54.800 ,32.700 ,0.372 ,1.358 ,0.108 ,43.250 ,13.170 ,53.813 ,52.374 ,,,,,,
30.480 ,33.300 ,0.594 ,1.694 ,0.133 ,13.780 ,91.630 ,200.000 ,300.000 ,53.700 ,32.500 ,0.330 ,1.477 ,0.100 ,45.390 ,13.610 ,52.410 ,53.038 ,,,,,,
30.480 ,33.300 ,0.594 ,1.694 ,0.133 ,13.780 ,91.630 ,200.000 ,480.000 ,47.900 ,33.000 ,0.330 ,1.455 ,0.081 ,44.380 ,13.680 ,47.468 ,47.552 ,,,,,,
46.800 ,23.430 ,0.667 ,2.254 ,0.143 ,10.650 ,80.000 ,250.000 ,300.000 ,41.300 ,16.840 ,0.407 ,1.746 ,0.096 ,69.390 ,7.660 ,29.684 ,29.705 ,,,,,,
29.800 ,40.300 ,0.361 ,1.727 ,0.100 ,18.000 ,90.000 ,200.000 ,30.000 ,72.900 ,38.400 ,0.232 ,1.625 ,0.060 ,41.800 ,18.200 ,69.500 ,71.500 ,,,,,,
29.800 ,40.300 ,0.361 ,1.727 ,0.100 ,18.000 ,90.000 ,200.000 ,60.000 ,64.500 ,39.000 ,0.231 ,1.600 ,0.059 ,41.100 ,18.400 ,64.300 ,65.900 ,,,,,,
29.800 ,40.300 ,0.361 ,1.727 ,0.100 ,18.000 ,90.000 ,200.000 ,120.000 ,56.800 ,40.100 ,0.200 ,1.556 ,0.051 ,41.600 ,19.000 ,56.400 ,58.100 ,,,,,,
29.800 ,40.300 ,0.361 ,1.727 ,0.100 ,18.000 ,90.000 ,250.000 ,30.000 ,66.000 ,41.200 ,0.137 ,1.602 ,0.042 ,43.800 ,20.400 ,67.300 ,72.700 ,,,,,,
29.800 ,40.300 ,0.361 ,1.727 ,0.100 ,18.000 ,90.000 ,250.000 ,60.000 ,62.800 ,39.500 ,0.116 ,1.549 ,0.043 ,47.300 ,18.400 ,61.500 ,66.100 ,,,,,,
29.800 ,40.300 ,0.361 ,1.727 ,0.100 ,18.000 ,90.000 ,250.000 ,120.000 ,54.700 ,39.600 ,0.131 ,1.545 ,0.050 ,46.100 ,19.400 ,53.800 ,57.300 ,,,,,,
29.800 ,40.300 ,0.361 ,1.727 ,0.100 ,18.000 ,90.000 ,300.000 ,30.000 ,63.900 ,42.400 ,0.080 ,1.585 ,0.038 ,45.600 ,21.500 ,67.300 ,74.100 ,,,,,,
29.800 ,40.300 ,0.361 ,1.727 ,0.100 ,18.000 ,90.000 ,300.000 ,60.000 ,58.300 ,40.100 ,0.122 ,1.855 ,0.041 ,45.300 ,19.700 ,58.000 ,62.000 ,,,,,,
29.800 ,40.300 ,0.361 ,1.727 ,0.100 ,18.000 ,90.000 ,300.000 ,120.000 ,48.600 ,40.700 ,0.081 ,1.504 ,0.040 ,47.900 ,20.200 ,49.300 ,53.200 ,,,,,,
40.900 ,32.700 ,0.353 ,1.798 ,0.134 ,14.900 ,83.500 ,180.000 ,60.000 ,74.200 ,30.800 ,0.409 ,1.675 ,0.117 ,42.900 ,14.700 ,69.889 ,73.204 ,,,,,,
40.900 ,32.700 ,0.353 ,1.798 ,0.134 ,14.900 ,83.500 ,210.000 ,60.000 ,67.500 ,31.800 ,0.351 ,1.623 ,0.111 ,43.900 ,14.900 ,65.642 ,67.500 ,,,,,,
40.900 ,32.700 ,0.353 ,1.798 ,0.134 ,14.900 ,83.500 ,240.000 ,60.000 ,51.800 ,32.600 ,0.230 ,1.509 ,0.108 ,48.100 ,15.100 ,51.642 ,52.495 ,,,,,,
40.060 ,29.600 ,0.510 ,1.743 ,0.126 ,14.340 ,97.560 ,200.000 ,240.000 ,64.000 ,26.200 ,0.318 ,1.438 ,0.076 ,55.800 ,11.400 ,56.649 ,50.879 ,,,,,,
60.300 ,20.900 ,0.484 ,1.435 ,0.078 ,7.565 ,72.800 ,200.000 ,60.000 ,65.000 ,25.900 ,0.368 ,1.622 ,0.088 ,51.600 ,11.179 ,80.550 ,96.051 ,,,,,,
54.690 ,17.399 ,0.966 ,1.659 ,0.093 ,6.320 ,80.000 ,170.000 ,60.000 ,88.420 ,16.410 ,0.988 ,1.497 ,0.067 ,57.620 ,5.010 ,83.391 ,70.090 ,,,,,,
54.690 ,17.399 ,0.966 ,1.659 ,0.093 ,6.320 ,80.000 ,200.000 ,60.000 ,87.140 ,15.761 ,0.935 ,1.400 ,0.066 ,60.450 ,5.490 ,78.935 ,75.700 ,,,,,,
54.690 ,17.399 ,0.966 ,1.659 ,0.093 ,6.320 ,80.000 ,230.000 ,60.000 ,86.730 ,15.451 ,0.941 ,1.338 ,0.053 ,61.470 ,5.480 ,77.017 ,75.210 ,,,,,,
54.690 ,17.399 ,0.966 ,1.659 ,0.093 ,6.320 ,80.000 ,260.000 ,60.000 ,81.740 ,15.652 ,0.807 ,1.289 ,0.052 ,63.920 ,5.150 ,73.530 ,66.610 ,,,,,,
54.690 ,17.399 ,0.966 ,1.659 ,0.093 ,6.320 ,80.000 ,290.000 ,60.000 ,79.660 ,15.291 ,0.783 ,1.281 ,0.043 ,65.280 ,4.840 ,70.007 ,61.010 ,,,,,,
54.690 ,17.399 ,0.966 ,1.659 ,0.093 ,6.320 ,80.000 ,320.000 ,60.000 ,77.190 ,14.390 ,0.822 ,1.262 ,0.038 ,66.590 ,4.530 ,63.839 ,55.330 ,,,,,,
54.690 ,17.399 ,0.966 ,1.659 ,0.093 ,6.320 ,80.000 ,350.000 ,60.000 ,73.430 ,13.180 ,0.862 ,1.244 ,0.035 ,68.870 ,4.340 ,55.626 ,50.430 ,,,,,,
15.180 ,45.370 ,0.405 ,1.571 ,0.170 ,19.831 ,88.860 ,170.000 ,60.000 ,89.240 ,46.230 ,0.384 ,1.547 ,0.153 ,15.920 ,20.241 ,90.932 ,91.083 ,,,,,,
15.180 ,45.370 ,0.405 ,1.571 ,0.170 ,19.831 ,88.860 ,200.000 ,60.000 ,35.310 ,49.740 ,0.241 ,1.339 ,0.107 ,22.510 ,21.661 ,38.711 ,38.568 ,,,,,,
15.180 ,45.370 ,0.405 ,1.571 ,0.170 ,19.831 ,88.860 ,230.000 ,60.000 ,32.670 ,51.950 ,0.175 ,1.264 ,0.079 ,25.670 ,22.688 ,37.408 ,37.377 ,,,,,,
15.180 ,45.370 ,0.405 ,1.571 ,0.170 ,19.831 ,88.860 ,260.000 ,60.000 ,31.080 ,53.930 ,0.134 ,1.146 ,0.074 ,26.590 ,23.239 ,36.944 ,36.421 ,,,,,,
17.050 ,43.375 ,0.468 ,1.811 ,0.105 ,20.606 ,50.000 ,180.000 ,30.000 ,93.130 ,42.362 ,0.475 ,1.819 ,0.111 ,18.800 ,22.503 ,90.956 ,101.704 ,,,,,,
17.050 ,43.375 ,0.468 ,1.811 ,0.105 ,20.606 ,50.000 ,210.000 ,30.000 ,85.840 ,44.979 ,0.403 ,1.569 ,0.099 ,19.320 ,23.449 ,89.015 ,97.683 ,,,,,,
17.050 ,43.375 ,0.468 ,1.811 ,0.105 ,20.606 ,50.000 ,240.000 ,30.000 ,67.930 ,43.590 ,0.383 ,1.386 ,0.108 ,23.230 ,22.892 ,68.267 ,75.466 ,,,,,,
17.050 ,43.375 ,0.468 ,1.811 ,0.105 ,20.606 ,50.000 ,270.000 ,30.000 ,40.780 ,39.808 ,0.331 ,1.363 ,0.090 ,33.510 ,18.664 ,37.426 ,36.937 ,,,,,,
52.480 ,23.242 ,0.458 ,2.385 ,0.157 ,9.330 ,71.818 ,300.000 ,60.000 ,63.800 ,26.724 ,0.166 ,1.586 ,0.066 ,61.050 ,9.630 ,73.357 ,65.851 ,,,,,,
49.850 ,25.030 ,0.459 ,2.018 ,0.166 ,10.970 ,90.000 ,180.000 ,30.000 ,66.180 ,21.230 ,0.151 ,1.984 ,0.066 ,68.470 ,10.800 ,56.133 ,65.154 ,,,,,,
49.850 ,25.030 ,0.459 ,2.018 ,0.166 ,10.970 ,90.000 ,220.000 ,30.000 ,60.580 ,19.620 ,0.125 ,1.969 ,0.058 ,72.020 ,10.070 ,47.486 ,55.610 ,,,,,,
49.850 ,25.030 ,0.459 ,2.018 ,0.166 ,10.970 ,90.000 ,260.000 ,30.000 ,56.230 ,24.470 ,0.223 ,1.922 ,0.055 ,62.460 ,11.790 ,54.972 ,60.433 ,,,,,,
49.850 ,25.030 ,0.459 ,2.018 ,0.166 ,10.970 ,90.000 ,300.000 ,30.000 ,53.000 ,21.940 ,0.073 ,1.838 ,0.044 ,70.970 ,11.230 ,46.457 ,54.256 ,,,,,,
49.850 ,25.030 ,0.459 ,2.018 ,0.166 ,10.970 ,90.000 ,260.000 ,60.000 ,58.510 ,24.490 ,0.138 ,1.803 ,0.056 ,65.170 ,12.060 ,57.248 ,64.324 ,,,,,,
49.850 ,25.030 ,0.459 ,2.018 ,0.166 ,10.970 ,90.000 ,260.000 ,90.000 ,59.370 ,24.130 ,0.250 ,1.855 ,0.054 ,61.980 ,11.380 ,57.235 ,61.589 ,,,,,,
49.850 ,25.030 ,0.459 ,2.018 ,0.166 ,10.970 ,90.000 ,260.000 ,360.000 ,63.320 ,19.900 ,0.202 ,1.954 ,0.053 ,69.740 ,9.800 ,50.342 ,56.567 ,,,,,,
49.850 ,25.030 ,0.459 ,2.018 ,0.166 ,10.970 ,90.000 ,260.000 ,480.000 ,66.190 ,24.120 ,0.328 ,1.836 ,0.052 ,59.530 ,10.860 ,63.784 ,65.526 ,,,,,,
30.630 ,34.410 ,0.507 ,1.817 ,0.118 ,15.200 ,31.837 ,100.000 ,0.000 ,81.360 ,34.790 ,0.523 ,1.635 ,0.109 ,30.140 ,14.680 ,82.258 ,78.577 ,,,,,,
30.630 ,34.410 ,0.507 ,1.817 ,0.118 ,15.200 ,31.837 ,100.000 ,30.000 ,77.570 ,34.530 ,0.570 ,1.658 ,0.108 ,28.320 ,14.480 ,77.841 ,73.896 ,,,,,,
30.630 ,34.410 ,0.507 ,1.817 ,0.118 ,15.200 ,31.837 ,100.000 ,60.000 ,73.730 ,33.700 ,0.704 ,1.659 ,0.114 ,23.920 ,13.570 ,72.209 ,65.823 ,,,,,,
30.630 ,34.410 ,0.507 ,1.817 ,0.118 ,15.200 ,31.837 ,150.000 ,0.000 ,85.310 ,33.040 ,0.590 ,1.645 ,0.110 ,30.640 ,13.640 ,81.913 ,76.555 ,,,,,,
30.630 ,34.410 ,0.507 ,1.817 ,0.118 ,15.200 ,31.837 ,150.000 ,30.000 ,86.260 ,37.220 ,0.419 ,1.609 ,0.102 ,30.900 ,17.170 ,93.304 ,97.440 ,,,,,,
30.630 ,34.410 ,0.507 ,1.817 ,0.118 ,15.200 ,31.837 ,150.000 ,60.000 ,89.010 ,32.360 ,0.611 ,1.602 ,0.105 ,31.410 ,13.100 ,83.707 ,76.713 ,,,,,,
30.630 ,34.410 ,0.507 ,1.817 ,0.118 ,15.200 ,31.837 ,200.000 ,0.000 ,78.280 ,34.850 ,0.430 ,1.532 ,0.097 ,35.210 ,14.710 ,79.281 ,75.757 ,,,,,,
30.630 ,34.410 ,0.507 ,1.817 ,0.118 ,15.200 ,31.837 ,200.000 ,30.000 ,81.160 ,35.040 ,0.414 ,1.459 ,0.087 ,36.220 ,14.590 ,82.646 ,77.903 ,,,,,,
30.630 ,34.410 ,0.507 ,1.817 ,0.118 ,15.200 ,31.837 ,200.000 ,60.000 ,80.780 ,34.320 ,0.403 ,1.430 ,0.083 ,38.310 ,14.210 ,80.569 ,75.519 ,,,,,,
18.510 ,41.723 ,0.468 ,1.556 ,0.148 ,17.844 ,90.627 ,180.000 ,15.000 ,97.012 ,40.698 ,0.443 ,1.511 ,0.149 ,22.020 ,17.273 ,94.628 ,93.908 ,,,,,,
18.510 ,41.723 ,0.468 ,1.556 ,0.148 ,17.844 ,90.627 ,180.000 ,30.000 ,93.597 ,40.874 ,0.422 ,1.471 ,0.145 ,23.170 ,17.286 ,91.691 ,90.671 ,,,,,,
18.510 ,41.723 ,0.468 ,1.556 ,0.148 ,17.844 ,90.627 ,180.000 ,45.000 ,90.502 ,41.173 ,0.374 ,1.451 ,0.141 ,25.560 ,17.556 ,89.308 ,89.042 ,,,,,,
18.510 ,41.723 ,0.468 ,1.556 ,0.148 ,17.844 ,90.627 ,200.000 ,15.000 ,93.063 ,41.484 ,0.376 ,1.464 ,0.145 ,24.670 ,17.743 ,92.531 ,92.536 ,,,,,,
18.510 ,41.723 ,0.468 ,1.556 ,0.148 ,17.844 ,90.627 ,200.000 ,30.000 ,91.249 ,42.867 ,0.334 ,1.389 ,0.135 ,25.370 ,18.269 ,93.752 ,93.419 ,,,,,,
18.510 ,41.723 ,0.468 ,1.556 ,0.148 ,17.844 ,90.627 ,200.000 ,45.000 ,88.474 ,42.734 ,0.315 ,1.353 ,0.115 ,27.850 ,18.133 ,90.619 ,89.908 ,,,,,,
18.510 ,41.723 ,0.468 ,1.556 ,0.148 ,17.844 ,90.627 ,220.000 ,15.000 ,90.928 ,43.160 ,0.301 ,1.352 ,0.131 ,27.230 ,18.389 ,94.060 ,93.707 ,,,,,,
18.510 ,41.723 ,0.468 ,1.556 ,0.148 ,17.844 ,90.627 ,220.000 ,30.000 ,86.553 ,44.034 ,0.304 ,1.290 ,0.118 ,26.610 ,18.514 ,91.347 ,89.800 ,,,,,,
18.510 ,41.723 ,0.468 ,1.556 ,0.148 ,17.844 ,90.627 ,220.000 ,45.000 ,84.418 ,44.097 ,0.258 ,1.211 ,0.120 ,29.230 ,18.414 ,89.222 ,87.116 ,,,,,,
18.510 ,41.723 ,0.468 ,1.556 ,0.148 ,17.844 ,90.627 ,240.000 ,15.000 ,85.059 ,43.007 ,0.271 ,1.226 ,0.125 ,29.830 ,17.921 ,87.677 ,85.424 ,,,,,,
18.510 ,41.723 ,0.468 ,1.556 ,0.148 ,17.844 ,90.627 ,240.000 ,30.000 ,81.964 ,43.577 ,0.263 ,1.142 ,0.112 ,30.410 ,17.854 ,85.607 ,82.009 ,,,,,,
18.510 ,41.723 ,0.468 ,1.556 ,0.148 ,17.844 ,90.627 ,240.000 ,45.000 ,78.228 ,44.391 ,0.179 ,1.008 ,0.107 ,34.680 ,18.046 ,83.232 ,79.115 ,,,,,,
12.700 ,37.015 ,0.888 ,1.642 ,0.024 ,14.900 ,68.000 ,210.000 ,30.000 ,93.000 ,40.245 ,0.760 ,1.484 ,0.020 ,12.700 ,16.000 ,101.116 ,99.500 ,,,,,,
12.700 ,37.015 ,0.888 ,1.642 ,0.024 ,14.900 ,68.000 ,210.000 ,120.000 ,88.100 ,42.466 ,0.671 ,1.380 ,0.028 ,12.800 ,16.000 ,101.074 ,94.240 ,,,,,,
12.700 ,37.015 ,0.888 ,1.642 ,0.024 ,14.900 ,68.000 ,230.000 ,30.000 ,87.400 ,42.804 ,0.660 ,1.390 ,0.026 ,13.000 ,16.700 ,101.068 ,97.960 ,,,,,,
12.700 ,37.015 ,0.888 ,1.642 ,0.024 ,14.900 ,68.000 ,230.000 ,120.000 ,79.700 ,44.383 ,0.571 ,1.282 ,0.026 ,15.300 ,17.900 ,95.564 ,95.680 ,,,,,,
12.700 ,37.015 ,0.888 ,1.642 ,0.024 ,14.900 ,68.000 ,250.000 ,30.000 ,73.500 ,44.278 ,0.575 ,1.237 ,0.025 ,15.500 ,20.100 ,87.922 ,98.850 ,,,,,,
12.700 ,37.015 ,0.888 ,1.642 ,0.024 ,14.900 ,68.000 ,250.000 ,120.000 ,51.600 ,44.567 ,0.504 ,1.103 ,0.025 ,19.700 ,20.400 ,62.127 ,70.520 ,,,,,,
12.700 ,37.015 ,0.888 ,1.642 ,0.024 ,14.900 ,85.000 ,210.000 ,30.000 ,93.200 ,40.568 ,0.765 ,1.510 ,0.017 ,12.000 ,16.100 ,102.146 ,98.010 ,,,,,,
12.700 ,37.015 ,0.888 ,1.642 ,0.024 ,14.900 ,85.000 ,210.000 ,120.000 ,85.000 ,41.650 ,0.712 ,1.437 ,0.022 ,12.500 ,16.600 ,95.643 ,91.880 ,,,,,,
12.700 ,37.015 ,0.888 ,1.642 ,0.024 ,14.900 ,85.000 ,230.000 ,30.000 ,86.300 ,41.230 ,0.717 ,1.465 ,0.020 ,13.200 ,16.500 ,96.127 ,92.520 ,,,,,,
12.700 ,37.015 ,0.888 ,1.642 ,0.024 ,14.900 ,85.000 ,230.000 ,120.000 ,64.000 ,42.757 ,0.625 ,1.328 ,0.022 ,15.500 ,18.100 ,73.928 ,75.480 ,,,,,,
12.700 ,37.015 ,0.888 ,1.642 ,0.024 ,14.900 ,85.000 ,250.000 ,30.000 ,66.900 ,44.467 ,0.560 ,1.268 ,0.024 ,16.100 ,18.800 ,80.368 ,82.070 ,,,,,,
12.700 ,37.015 ,0.888 ,1.642 ,0.024 ,14.900 ,85.000 ,250.000 ,120.000 ,48.400 ,45.667 ,0.473 ,1.099 ,0.027 ,19.600 ,20.500 ,59.713 ,64.570 ,,,,,,
35.030 ,47.010 ,0.160 ,1.595 ,0.022 ,21.910 ,70.000 ,210.000 ,120.000 ,77.500 ,43.640 ,0.164 ,1.691 ,0.016 ,39.970 ,20.740 ,71.944 ,73.361 ,,,,,,
35.030 ,47.010 ,0.160 ,1.595 ,0.022 ,21.910 ,70.000 ,240.000 ,120.000 ,75.700 ,46.520 ,0.198 ,1.690 ,0.015 ,37.950 ,21.710 ,74.911 ,75.009 ,,,,,,
35.030 ,47.010 ,0.160 ,1.595 ,0.022 ,21.910 ,70.000 ,270.000 ,120.000 ,79.910 ,44.900 ,0.176 ,1.716 ,0.015 ,38.600 ,21.310 ,76.323 ,77.722 ,,,,,,
41.800 ,21.860 ,0.978 ,1.850 ,0.150 ,10.980 ,16.670 ,220.000 ,60.000 ,59.070 ,23.640 ,0.336 ,1.442 ,0.093 ,59.800 ,11.820 ,63.880 ,63.589 ,,,,,,
34.190 ,31.610 ,0.556 ,1.989 ,0.118 ,14.710 ,83.333 ,160.000 ,600.000 ,70.750 ,29.000 ,0.453 ,1.949 ,0.077 ,45.070 ,13.940 ,64.908 ,67.047 ,,,,,,
34.190 ,31.610 ,0.556 ,1.989 ,0.118 ,14.710 ,83.330 ,180.000 ,600.000 ,67.220 ,29.230 ,0.386 ,1.897 ,0.068 ,47.670 ,14.100 ,62.159 ,64.432 ,,,,,,
34.190 ,31.610 ,0.556 ,1.989 ,0.118 ,14.710 ,83.330 ,200.000 ,600.000 ,65.050 ,29.970 ,0.330 ,1.778 ,0.058 ,49.220 ,13.980 ,61.675 ,61.822 ,,,,,,
34.190 ,31.610 ,0.556 ,1.989 ,0.118 ,14.710 ,83.330 ,220.000 ,600.000 ,61.730 ,28.810 ,0.350 ,1.770 ,0.055 ,50.500 ,14.160 ,56.262 ,59.422 ,,,,,,
34.190 ,31.610 ,0.556 ,1.989 ,0.118 ,14.710 ,83.330 ,240.000 ,600.000 ,59.850 ,30.650 ,0.188 ,1.640 ,0.062 ,54.170 ,14.930 ,58.032 ,60.745 ,,,,,,
33.570 ,36.640 ,0.362 ,2.905 ,0.075 ,16.300 ,88.890 ,250.000 ,120.000 ,80.220 ,38.320 ,0.580 ,1.334 ,0.025 ,26.670 ,18.980 ,83.898 ,71.130 ,,,,,,
26.060 ,28.504 ,0.905 ,2.011 ,0.179 ,16.500 ,50.000 ,180.000 ,60.000 ,93.900 ,28.246 ,0.876 ,1.777 ,0.154 ,29.350 ,17.300 ,93.050 ,92.200 ,,,,,,
26.060 ,28.504 ,0.905 ,2.011 ,0.179 ,16.500 ,50.000 ,200.000 ,60.000 ,92.600 ,28.447 ,0.865 ,1.717 ,0.149 ,29.570 ,17.500 ,92.414 ,91.600 ,,,,,,
26.060 ,28.504 ,0.905 ,2.011 ,0.179 ,16.500 ,50.000 ,220.000 ,60.000 ,88.700 ,27.743 ,0.841 ,1.561 ,0.126 ,33.310 ,18.300 ,86.332 ,93.100 ,,,,,,
26.060 ,28.504 ,0.905 ,2.011 ,0.179 ,16.500 ,50.000 ,250.000 ,60.000 ,83.400 ,27.631 ,0.724 ,1.268 ,0.116 ,38.910 ,20.200 ,80.846 ,90.300 ,,,,,,
26.060 ,28.504 ,0.905 ,2.011 ,0.179 ,16.500 ,50.000 ,280.000 ,60.000 ,80.400 ,29.060 ,0.657 ,1.023 ,0.087 ,40.020 ,22.400 ,81.970 ,89.600 ,,,,,,
5.860 ,47.320 ,0.421 ,1.775 ,0.179 ,19.960 ,90.000 ,150.000 ,0.000 ,68.950 ,53.470 ,0.296 ,1.575 ,0.126 ,10.310 ,23.060 ,77.911 ,79.659 ,,,,,,
5.860 ,47.320 ,0.421 ,1.775 ,0.179 ,19.960 ,90.000 ,150.000 ,30.000 ,59.520 ,54.120 ,0.289 ,1.550 ,0.126 ,10.820 ,23.280 ,68.073 ,69.420 ,,,,,,
5.860 ,47.320 ,0.421 ,1.775 ,0.179 ,19.960 ,90.000 ,150.000 ,60.000 ,55.270 ,54.820 ,0.260 ,1.508 ,0.124 ,10.860 ,23.730 ,64.030 ,65.709 ,,,,,,
5.860 ,47.320 ,0.421 ,1.775 ,0.179 ,19.960 ,90.000 ,150.000 ,90.000 ,51.620 ,55.670 ,0.252 ,1.453 ,0.116 ,10.890 ,23.870 ,60.729 ,61.732 ,,,,,,
5.860 ,47.320 ,0.421 ,1.775 ,0.179 ,19.960 ,90.000 ,180.000 ,0.000 ,51.330 ,54.890 ,0.278 ,1.513 ,0.116 ,11.380 ,23.550 ,59.541 ,60.562 ,,,,,,
5.860 ,47.320 ,0.421 ,1.775 ,0.179 ,19.960 ,90.000 ,180.000 ,30.000 ,43.260 ,56.060 ,0.260 ,1.460 ,0.101 ,10.460 ,23.990 ,51.250 ,51.994 ,,,,,,
5.860 ,47.320 ,0.421 ,1.775 ,0.179 ,19.960 ,90.000 ,180.000 ,60.000 ,39.750 ,56.340 ,0.237 ,1.419 ,0.101 ,12.330 ,24.170 ,47.327 ,48.134 ,,,,,,
5.860 ,47.320 ,0.421 ,1.775 ,0.179 ,19.960 ,90.000 ,180.000 ,90.000 ,36.360 ,57.210 ,0.217 ,1.349 ,0.091 ,12.060 ,24.400 ,43.959 ,44.448 ,,,,,,
5.860 ,47.320 ,0.421 ,1.775 ,0.179 ,19.960 ,90.000 ,210.000 ,0.000 ,38.590 ,56.570 ,0.284 ,1.423 ,0.103 ,10.520 ,23.660 ,46.133 ,45.743 ,,,,,,
5.860 ,47.320 ,0.421 ,1.775 ,0.179 ,19.960 ,90.000 ,210.000 ,30.000 ,32.590 ,58.030 ,0.238 ,1.361 ,0.096 ,11.050 ,24.530 ,39.966 ,40.052 ,,,,,,
5.860 ,47.320 ,0.421 ,1.775 ,0.179 ,19.960 ,90.000 ,210.000 ,60.000 ,28.060 ,60.230 ,0.181 ,1.494 ,0.092 ,11.740 ,27.120 ,35.715 ,38.126 ,,,,,,
5.860 ,47.320 ,0.421 ,1.775 ,0.179 ,19.960 ,90.000 ,210.000 ,90.000 ,28.980 ,61.110 ,0.157 ,1.380 ,0.086 ,12.060 ,27.150 ,37.425 ,39.419 ,,,,,,
5.860 ,47.320 ,0.421 ,1.775 ,0.179 ,19.960 ,90.000 ,240.000 ,0.000 ,33.520 ,59.280 ,0.194 ,1.413 ,0.101 ,13.000 ,26.010 ,41.992 ,43.680 ,,,,,,
5.860 ,47.320 ,0.421 ,1.775 ,0.179 ,19.960 ,90.000 ,240.000 ,30.000 ,29.260 ,59.740 ,0.177 ,1.350 ,0.093 ,14.330 ,26.070 ,36.940 ,38.217 ,,,,,,
5.860 ,47.320 ,0.421 ,1.775 ,0.179 ,19.960 ,90.000 ,240.000 ,60.000 ,26.620 ,59.680 ,0.175 ,1.339 ,0.090 ,17.600 ,26.000 ,33.573 ,34.675 ,,,,,,
5.860 ,47.320 ,0.421 ,1.775 ,0.179 ,19.960 ,90.000 ,240.000 ,90.000 ,27.850 ,61.230 ,0.158 ,1.341 ,0.085 ,18.030 ,26.940 ,36.037 ,37.589 ,,,,,,
14.960 ,45.960 ,0.451 ,1.715 ,0.079 ,20.500 ,97.100 ,190.000 ,30.000 ,77.200 ,44.560 ,0.480 ,1.680 ,0.043 ,24.910 ,19.450 ,74.848 ,73.246 ,,,,,,
14.960 ,45.960 ,0.451 ,1.715 ,0.079 ,20.500 ,97.100 ,190.000 ,60.000 ,67.000 ,46.110 ,0.422 ,1.681 ,0.039 ,24.400 ,20.710 ,67.219 ,67.686 ,,,,,,
14.960 ,45.960 ,0.451 ,1.715 ,0.079 ,20.500 ,97.100 ,220.000 ,30.000 ,60.600 ,44.860 ,0.426 ,1.592 ,0.036 ,28.580 ,20.060 ,59.150 ,59.299 ,,,,,,
14.960 ,45.960 ,0.451 ,1.715 ,0.079 ,20.500 ,97.100 ,220.000 ,60.000 ,57.200 ,43.150 ,0.459 ,1.582 ,0.037 ,31.200 ,18.720 ,53.703 ,52.233 ,,,,,,
14.960 ,45.960 ,0.451 ,1.715 ,0.079 ,20.500 ,97.100 ,250.000 ,30.000 ,49.400 ,41.680 ,0.404 ,1.448 ,0.037 ,34.630 ,18.660 ,44.800 ,44.966 ,,,,,,
14.960 ,45.960 ,0.451 ,1.715 ,0.079 ,20.500 ,97.100 ,250.000 ,60.000 ,52.000 ,41.210 ,0.393 ,1.459 ,0.041 ,37.180 ,19.170 ,46.626 ,48.626 ,,,,,,
44.990 ,25.600 ,0.620 ,1.856 ,0.120 ,10.660 ,97.100 ,190.000 ,30.000 ,82.800 ,19.220 ,0.719 ,1.642 ,0.070 ,57.210 ,9.270 ,62.165 ,72.003 ,,,,,,
44.990 ,25.600 ,0.620 ,1.856 ,0.120 ,10.660 ,97.100 ,190.000 ,60.000 ,81.500 ,14.160 ,0.830 ,1.695 ,0.065 ,67.100 ,7.970 ,45.080 ,60.934 ,,,,,,
44.990 ,25.600 ,0.620 ,1.856 ,0.120 ,10.660 ,97.100 ,220.000 ,30.000 ,64.600 ,11.700 ,0.792 ,1.651 ,0.059 ,72.570 ,8.960 ,29.524 ,54.298 ,,,,,,
44.990 ,25.600 ,0.620 ,1.856 ,0.120 ,10.660 ,97.100 ,220.000 ,60.000 ,70.600 ,10.210 ,1.391 ,1.610 ,0.055 ,67.880 ,7.860 ,28.157 ,52.056 ,,,,,,
44.990 ,25.600 ,0.620 ,1.856 ,0.120 ,10.660 ,97.100 ,250.000 ,30.000 ,78.100 ,12.510 ,0.703 ,1.583 ,0.048 ,73.430 ,8.590 ,38.165 ,62.934 ,,,,,,
44.990 ,25.600 ,0.620 ,1.856 ,0.120 ,10.660 ,97.100 ,250.000 ,60.000 ,64.900 ,12.020 ,0.447 ,1.557 ,0.049 ,76.970 ,8.380 ,30.473 ,51.019 ,,,,,,
28.430 ,35.910 ,0.491 ,1.811 ,0.139 ,16.020 ,85.710 ,190.000 ,30.000 ,88.200 ,36.610 ,0.380 ,1.613 ,0.100 ,35.660 ,16.300 ,89.919 ,89.742 ,,,,,,
28.430 ,35.910 ,0.491 ,1.811 ,0.139 ,16.020 ,85.710 ,190.000 ,60.000 ,85.600 ,35.070 ,0.413 ,1.577 ,0.097 ,37.050 ,15.960 ,83.598 ,85.279 ,,,,,,
28.430 ,35.910 ,0.491 ,1.811 ,0.139 ,16.020 ,85.710 ,220.000 ,30.000 ,75.100 ,35.190 ,0.352 ,1.473 ,0.085 ,40.480 ,15.700 ,73.594 ,73.600 ,,,,,,
28.430 ,35.910 ,0.491 ,1.811 ,0.139 ,16.020 ,85.710 ,220.000 ,60.000 ,75.200 ,35.750 ,0.322 ,1.463 ,0.083 ,41.100 ,15.470 ,74.865 ,72.618 ,,,,,,
28.430 ,35.910 ,0.491 ,1.811 ,0.139 ,16.020 ,85.710 ,250.000 ,30.000 ,67.600 ,35.300 ,0.299 ,1.397 ,0.077 ,43.360 ,15.980 ,66.452 ,67.431 ,,,,,,
28.430 ,35.910 ,0.491 ,1.811 ,0.139 ,16.020 ,85.710 ,250.000 ,60.000 ,66.800 ,35.570 ,0.298 ,1.366 ,0.075 ,43.140 ,15.330 ,66.168 ,63.923 ,,,,,,
46.900 ,28.600 ,0.430 ,1.301 ,0.102 ,14.900 ,88.890 ,150.000 ,60.000 ,87.362 ,33.400 ,0.337 ,1.581 ,0.082 ,43.800 ,15.000 ,102.024 ,87.948 ,,,,,,
46.900 ,28.600 ,0.430 ,1.301 ,0.102 ,14.900 ,88.890 ,200.000 ,60.000 ,76.295 ,34.000 ,0.309 ,1.482 ,0.061 ,44.400 ,15.100 ,90.700 ,77.319 ,,,,,,
46.900 ,28.600 ,0.430 ,1.301 ,0.102 ,14.900 ,88.890 ,250.000 ,60.000 ,68.282 ,34.700 ,0.229 ,1.418 ,0.059 ,47.500 ,15.300 ,82.846 ,70.115 ,,,,,,
7.720 ,48.040 ,0.521 ,1.771 ,0.045 ,21.191 ,97.220 ,180.000 ,30.000 ,85.700 ,49.780 ,0.481 ,1.731 ,0.028 ,8.860 ,22.026 ,88.804 ,89.077 ,,,,,,
41.160 ,29.960 ,0.463 ,1.874 ,0.142 ,13.190 ,93.458 ,180.000 ,60.000 ,60.230 ,23.480 ,0.317 ,1.825 ,0.083 ,60.350 ,10.110 ,49.000 ,46.166 ,,,,,,
41.160 ,29.960 ,0.463 ,1.874 ,0.142 ,13.190 ,93.458 ,230.000 ,60.000 ,60.230 ,22.680 ,0.202 ,1.667 ,0.068 ,65.900 ,9.620 ,43.000 ,43.928 ,,,,,,
41.160 ,29.960 ,0.463 ,1.874 ,0.142 ,13.190 ,93.458 ,280.000 ,60.000 ,60.230 ,23.670 ,0.108 ,1.425 ,0.059 ,68.080 ,9.810 ,43.000 ,44.796 ,,,,,,
60.900 ,20.720 ,0.414 ,1.610 ,0.122 ,7.820 ,90.910 ,120.000 ,60.000 ,89.220 ,18.190 ,0.362 ,1.695 ,0.119 ,67.020 ,7.045 ,78.326 ,80.374 ,,,,,,
60.900 ,20.720 ,0.414 ,1.610 ,0.122 ,7.820 ,90.910 ,150.000 ,60.000 ,84.110 ,16.270 ,0.360 ,1.682 ,0.108 ,70.760 ,6.046 ,66.046 ,65.035 ,,,,,,
60.900 ,20.720 ,0.414 ,1.610 ,0.122 ,7.820 ,90.910 ,180.000 ,60.000 ,78.610 ,13.910 ,0.360 ,1.656 ,0.087 ,75.280 ,4.823 ,52.773 ,48.483 ,,,,,,
60.900 ,20.720 ,0.414 ,1.610 ,0.122 ,7.820 ,90.910 ,210.000 ,60.000 ,77.500 ,13.810 ,0.360 ,1.434 ,0.071 ,76.300 ,4.454 ,51.654 ,44.137 ,,,,,,
60.900 ,20.720 ,0.414 ,1.610 ,0.122 ,7.820 ,90.910 ,240.000 ,60.000 ,75.950 ,12.770 ,0.348 ,1.466 ,0.067 ,78.060 ,4.011 ,46.809 ,38.957 ,,,,,,
27.540 ,26.542 ,1.071 ,1.897 ,0.124 ,9.624 ,95.700 ,140.000 ,240.000 ,74.640 ,28.646 ,1.069 ,1.725 ,0.105 ,22.890 ,10.072 ,80.557 ,78.108 ,,,,,,
27.540 ,26.542 ,1.071 ,1.897 ,0.124 ,9.624 ,95.700 ,160.000 ,60.000 ,81.130 ,25.241 ,1.036 ,1.834 ,0.102 ,33.030 ,8.977 ,77.153 ,75.674 ,,,,,,
27.540 ,26.542 ,1.071 ,1.897 ,0.124 ,9.624 ,95.700 ,160.000 ,120.000 ,71.080 ,25.926 ,1.027 ,1.777 ,0.097 ,31.810 ,9.158 ,69.430 ,67.634 ,,,,,,
27.540 ,26.542 ,1.071 ,1.897 ,0.124 ,9.624 ,95.700 ,160.000 ,240.000 ,67.110 ,24.974 ,1.042 ,1.712 ,0.082 ,34.400 ,8.533 ,63.145 ,59.498 ,,,,,,
27.540 ,26.542 ,1.071 ,1.897 ,0.124 ,9.624 ,95.700 ,180.000 ,30.000 ,70.740 ,25.172 ,1.042 ,1.738 ,0.093 ,33.460 ,8.686 ,67.089 ,63.841 ,,,,,,
27.540 ,26.542 ,1.071 ,1.897 ,0.124 ,9.624 ,95.700 ,180.000 ,60.000 ,67.180 ,25.015 ,1.046 ,1.702 ,0.086 ,34.050 ,8.516 ,63.314 ,59.446 ,,,,,,
27.540 ,26.542 ,1.071 ,1.897 ,0.124 ,9.624 ,95.700 ,180.000 ,120.000 ,64.310 ,23.793 ,1.056 ,1.673 ,0.063 ,37.650 ,7.893 ,57.649 ,52.743 ,,,,,,
27.540 ,26.542 ,1.071 ,1.897 ,0.124 ,9.624 ,95.700 ,180.000 ,240.000 ,61.870 ,23.292 ,1.053 ,1.627 ,0.062 ,39.170 ,7.578 ,54.294 ,48.717 ,,,,,,
27.540 ,26.542 ,1.071 ,1.897 ,0.124 ,9.624 ,95.700 ,200.000 ,15.000 ,69.320 ,24.171 ,1.070 ,1.719 ,0.071 ,35.870 ,8.130 ,63.126 ,58.556 ,,,,,,
27.540 ,26.542 ,1.071 ,1.897 ,0.124 ,9.624 ,95.700 ,200.000 ,30.000 ,66.830 ,24.114 ,1.064 ,1.709 ,0.069 ,36.290 ,8.094 ,60.717 ,56.207 ,,,,,,
27.540 ,26.542 ,1.071 ,1.897 ,0.124 ,9.624 ,95.700 ,200.000 ,60.000 ,64.060 ,24.315 ,1.069 ,1.651 ,0.062 ,35.930 ,8.026 ,58.684 ,53.419 ,,,,,,
27.540 ,26.542 ,1.071 ,1.897 ,0.124 ,9.624 ,95.700 ,200.000 ,120.000 ,61.260 ,24.066 ,1.029 ,1.593 ,0.058 ,38.070 ,7.885 ,55.545 ,50.189 ,,,,,,
27.540 ,26.542 ,1.071 ,1.897 ,0.124 ,9.624 ,95.700 ,200.000 ,240.000 ,60.540 ,23.960 ,1.015 ,1.566 ,0.056 ,38.940 ,7.812 ,54.650 ,49.141 ,,,,,,
28.600 ,36.700 ,0.734 ,2.093 ,0.128 ,14.670 ,85.700 ,200.000 ,240.000 ,53.920 ,33.300 ,0.417 ,1.586 ,0.054 ,43.890 ,15.090 ,48.925 ,55.464 ,,,,,,
28.600 ,36.700 ,0.734 ,2.093 ,0.128 ,14.670 ,85.700 ,200.000 ,360.000 ,58.710 ,33.200 ,0.402 ,1.554 ,0.054 ,44.390 ,14.720 ,53.111 ,58.910 ,,,,,,
28.600 ,36.700 ,0.734 ,2.093 ,0.128 ,14.670 ,85.700 ,200.000 ,480.000 ,59.910 ,32.600 ,0.405 ,1.546 ,0.058 ,44.670 ,14.370 ,53.217 ,58.685 ,,,,,,
28.600 ,36.700 ,0.734 ,2.093 ,0.128 ,14.670 ,85.700 ,200.000 ,600.000 ,60.210 ,32.500 ,0.402 ,1.514 ,0.058 ,46.580 ,14.450 ,53.319 ,59.307 ,,,,,,
28.600 ,36.700 ,0.734 ,2.093 ,0.128 ,14.670 ,85.700 ,200.000 ,720.000 ,40.420 ,32.500 ,0.390 ,1.514 ,0.058 ,46.690 ,14.740 ,35.794 ,40.613 ,,,,,,
15.970 ,39.435 ,0.684 ,1.562 ,0.076 ,18.010 ,96.000 ,140.000 ,240.000 ,61.083 ,34.384 ,0.799 ,1.569 ,0.047 ,22.610 ,21.450 ,53.259 ,72.750 ,,,,,,
15.970 ,39.435 ,0.668 ,1.562 ,0.094 ,18.010 ,96.000 ,170.000 ,240.000 ,54.594 ,34.767 ,0.758 ,1.570 ,0.037 ,24.040 ,22.020 ,48.131 ,66.750 ,,,,,,
15.970 ,39.435 ,0.652 ,1.562 ,0.113 ,18.010 ,96.000 ,190.000 ,240.000 ,49.617 ,34.495 ,0.769 ,1.501 ,0.037 ,24.320 ,22.650 ,43.401 ,62.400 ,,,,,,
15.970 ,39.435 ,0.636 ,1.562 ,0.131 ,18.010 ,96.000 ,200.000 ,240.000 ,48.393 ,34.484 ,0.750 ,1.510 ,0.035 ,25.310 ,23.130 ,42.317 ,62.150 ,,,,,,
52.000 ,23.400 ,0.519 ,2.051 ,0.139 ,9.260 ,97.071 ,220.000 ,720.000 ,67.700 ,16.500 ,0.355 ,1.745 ,0.057 ,71.800 ,5.970 ,47.737 ,43.647 ,,,,,,
54.000 ,22.800 ,0.553 ,1.789 ,0.071 ,9.006 ,66.670 ,200.000 ,30.000 ,87.000 ,22.400 ,0.362 ,1.607 ,0.061 ,61.100 ,8.864 ,85.474 ,85.619 ,,,,,,
54.000 ,22.800 ,0.553 ,1.789 ,0.071 ,9.006 ,66.670 ,200.000 ,180.000 ,87.000 ,21.400 ,0.386 ,1.514 ,0.056 ,62.500 ,8.112 ,81.658 ,78.363 ,,,,,,
54.000 ,22.800 ,0.553 ,1.789 ,0.071 ,9.006 ,66.670 ,260.000 ,30.000 ,82.000 ,21.300 ,0.289 ,1.465 ,0.044 ,65.600 ,8.185 ,76.605 ,74.522 ,,,,,,
54.000 ,22.800 ,0.553 ,1.789 ,0.071 ,9.006 ,66.670 ,260.000 ,180.000 ,82.000 ,22.100 ,0.244 ,1.466 ,0.047 ,65.700 ,8.682 ,79.482 ,79.045 ,,,,,,
50.700 ,24.500 ,0.511 ,1.812 ,0.112 ,10.017 ,66.670 ,200.000 ,30.000 ,83.000 ,23.300 ,0.412 ,1.545 ,0.092 ,57.000 ,9.048 ,78.935 ,74.970 ,,,,,,
50.700 ,24.500 ,0.511 ,1.812 ,0.112 ,10.017 ,66.670 ,200.000 ,180.000 ,79.000 ,23.300 ,0.286 ,1.391 ,0.088 ,61.200 ,9.006 ,75.131 ,71.029 ,,,,,,
50.700 ,24.500 ,0.511 ,1.812 ,0.112 ,10.017 ,66.670 ,260.000 ,30.000 ,76.000 ,22.500 ,0.230 ,1.387 ,0.076 ,64.500 ,8.749 ,69.796 ,66.381 ,,,,,,
50.700 ,24.500 ,0.511 ,1.812 ,0.112 ,10.017 ,66.670 ,260.000 ,180.000 ,73.000 ,22.400 ,0.191 ,1.339 ,0.073 ,66.100 ,8.687 ,66.743 ,63.305 ,,,,,,
13.600 ,43.000 ,0.537 ,1.647 ,0.128 ,18.412 ,89.500 ,170.000 ,60.000 ,48.500 ,46.300 ,0.389 ,1.607 ,0.122 ,16.400 ,20.575 ,52.222 ,54.200 ,,,,,,
13.600 ,43.000 ,0.537 ,1.647 ,0.128 ,18.412 ,89.500 ,200.000 ,60.000 ,40.100 ,49.400 ,0.275 ,1.457 ,0.111 ,19.700 ,21.952 ,46.068 ,47.811 ,,,,,,
13.600 ,43.000 ,0.537 ,1.647 ,0.128 ,18.412 ,89.500 ,230.000 ,60.000 ,29.700 ,50.500 ,0.125 ,1.331 ,0.107 ,28.800 ,22.668 ,34.880 ,36.566 ,,,,,,
69.750 ,24.170 ,0.029 ,1.847 ,0.051 ,11.240 ,66.670 ,160.000 ,60.000 ,79.400 ,21.320 ,0.022 ,1.728 ,0.016 ,74.580 ,9.420 ,70.038 ,66.543 ,,,,,,
42.230 ,26.470 ,0.605 ,2.285 ,0.159 ,11.520 ,87.500 ,160.000 ,30.000 ,79.630 ,21.830 ,0.540 ,2.078 ,0.140 ,55.120 ,8.620 ,65.671 ,59.584 ,,,,,,
42.230 ,26.470 ,0.605 ,2.285 ,0.159 ,11.520 ,87.500 ,180.000 ,30.000 ,77.590 ,21.270 ,0.461 ,1.822 ,0.134 ,59.100 ,7.940 ,62.348 ,53.478 ,,,,,,
42.230 ,26.470 ,0.605 ,2.285 ,0.159 ,11.520 ,87.500 ,200.000 ,30.000 ,72.920 ,22.020 ,0.308 ,2.093 ,0.126 ,61.880 ,9.330 ,60.661 ,59.058 ,,,,,,
4.870 ,52.180 ,0.480 ,1.860 ,0.011 ,24.263 ,62.800 ,250.000 ,120.000 ,36.570 ,70.370 ,0.136 ,1.690 ,0.025 ,4.830 ,34.798 ,49.318 ,52.450 ,,,,,,
4.870 ,52.180 ,0.480 ,1.860 ,0.011 ,24.263 ,73.429 ,250.000 ,120.000 ,27.310 ,72.240 ,0.115 ,1.656 ,0.021 ,4.820 ,35.699 ,37.809 ,40.183 ,,,,,,
4.870 ,52.180 ,0.480 ,1.860 ,0.011 ,24.263 ,79.333 ,250.000 ,120.000 ,22.840 ,72.450 ,0.097 ,1.757 ,0.019 ,5.830 ,36.680 ,31.712 ,34.529 ,,,,,,
4.870 ,52.180 ,0.480 ,1.860 ,0.011 ,24.263 ,84.500 ,250.000 ,120.000 ,14.630 ,73.350 ,0.095 ,1.751 ,0.019 ,4.990 ,37.132 ,20.566 ,22.390 ,,,,,,
4.870 ,52.180 ,0.480 ,1.860 ,0.011 ,24.263 ,88.375 ,250.000 ,120.000 ,10.300 ,74.530 ,0.087 ,1.702 ,0.016 ,4.790 ,37.466 ,14.712 ,15.905 ,,,,,,
4.870 ,52.180 ,0.480 ,1.860 ,0.011 ,24.263 ,90.700 ,250.000 ,120.000 ,8.960 ,76.330 ,0.081 ,1.629 ,0.018 ,3.390 ,37.911 ,13.107 ,14.000 ,,,,,,
4.870 ,52.180 ,0.480 ,1.860 ,0.011 ,24.263 ,62.800 ,250.000 ,240.000 ,35.070 ,71.380 ,0.130 ,1.688 ,0.023 ,4.230 ,35.361 ,47.974 ,51.111 ,,,,,,
4.870 ,52.180 ,0.480 ,1.860 ,0.011 ,24.263 ,73.429 ,250.000 ,240.000 ,23.280 ,72.540 ,0.115 ,1.643 ,0.022 ,4.480 ,35.757 ,32.364 ,34.309 ,,,,,,
4.870 ,52.180 ,0.480 ,1.860 ,0.011 ,24.263 ,79.333 ,250.000 ,240.000 ,10.750 ,74.050 ,0.091 ,1.711 ,0.021 ,4.480 ,37.244 ,15.256 ,16.502 ,,,,,,
4.870 ,52.180 ,0.480 ,1.860 ,0.011 ,24.263 ,79.333 ,250.000 ,480.000 ,8.510 ,75.800 ,0.078 ,1.569 ,0.020 ,4.520 ,37.208 ,12.362 ,13.050 ,,,,,,
4.870 ,52.180 ,0.480 ,1.860 ,0.011 ,24.263 ,90.700 ,250.000 ,480.000 ,5.970 ,76.900 ,0.069 ,1.537 ,0.021 ,4.210 ,37.607 ,8.798 ,9.253 ,,,,,,
15.410 ,43.790 ,0.422 ,1.803 ,0.188 ,20.007 ,90.420 ,160.000 ,60.000 ,62.110 ,44.560 ,0.417 ,1.753 ,0.150 ,16.380 ,20.186 ,63.202 ,62.665 ,,,,,,
15.410 ,43.790 ,0.422 ,1.803 ,0.188 ,20.007 ,90.420 ,200.000 ,60.000 ,43.150 ,46.160 ,0.300 ,1.703 ,0.130 ,21.840 ,21.335 ,45.485 ,46.014 ,,,,,,
15.410 ,43.790 ,0.422 ,1.803 ,0.188 ,20.007 ,90.420 ,240.000 ,60.000 ,32.420 ,49.810 ,0.182 ,1.578 ,0.094 ,26.050 ,23.197 ,36.877 ,37.588 ,,,,,,
18.170 ,42.000 ,0.439 ,1.771 ,0.159 ,18.848 ,10.091 ,200.000 ,60.000 ,65.760 ,45.340 ,0.280 ,1.612 ,0.089 ,27.600 ,20.762 ,70.989 ,72.438 ,,,,,,
46.500 ,27.900 ,0.438 ,2.022 ,0.120 ,13.700 ,80.000 ,260.000 ,120.000 ,71.200 ,25.600 ,0.213 ,1.641 ,0.087 ,60.400 ,12.400 ,65.330 ,64.444 ,,,,,,
46.500 ,27.900 ,0.438 ,2.022 ,0.120 ,13.700 ,80.000 ,260.000 ,240.000 ,71.800 ,25.600 ,0.208 ,1.641 ,0.087 ,60.100 ,12.600 ,65.881 ,66.035 ,,,,,,
63.900 ,17.800 ,0.510 ,1.551 ,0.014 ,8.800 ,90.164 ,200.000 ,60.000 ,24.853 ,14.000 ,0.498 ,1.200 ,0.031 ,74.800 ,9.100 ,19.547 ,25.700 ,,,,,,
63.900 ,17.800 ,0.510 ,1.551 ,0.014 ,8.800 ,90.164 ,250.000 ,60.000 ,34.286 ,22.500 ,0.237 ,0.960 ,0.027 ,72.200 ,7.700 ,43.339 ,30.000 ,,,,,,
63.000 ,13.100 ,0.784 ,3.389 ,0.268 ,7.300 ,90.164 ,200.000 ,60.000 ,74.703 ,13.200 ,0.295 ,1.636 ,0.071 ,78.700 ,6.000 ,75.274 ,61.400 ,,,,,,
63.000 ,13.100 ,0.784 ,3.389 ,0.268 ,7.300 ,90.164 ,250.000 ,60.000 ,77.088 ,11.600 ,0.297 ,1.345 ,0.067 ,81.500 ,5.000 ,68.261 ,52.800 ,,,,,,
,,,,,,,,,,,,,,,,,,,,,,,
,,,,,,,,,,,,,,,,,,,,,,,
,,,,,,,,,,,,,,,,,,,,,,,
,,,,,,,,,,,,,,,,,,,,,,,
,,,,,,,,,,,,,,,,,,,,,,,
,,,,,,,,,,,,,,,,,,,,,,,
,,,,,,,,,,,,,,,,,,,,,,,
,,,,,,,,,,,,,,,,,,,,,,,
,,,,,,,,,,,,,,,,,,,,,,,
,,,,,,,,,,,,,,,,,,,,,,,
,,,,,,,,,,,,,,,,,,,,,,,
,,,,,,,,,,,,,,,,,,,,,,,
,,,,,,,,,,,,,,,,,,,,,,,
,,,,,,,,,,,,,,,,,,,,,,,
,,,,,,,,,,,,,,,,,,,,,,,
,,,,,,,,,,,,,,,,,,,,,,,
,,,,,,,,,,,,,,,,,,,,,,,
,,,,,,,,,,,,,,,,,,,,,,,
,,,,,,,,,,,,,,,,,,,,,,,
,,,,,,,,,,,,,,,,,,,,,,,
,,,,,,,,,,,,,,,,,,,,,,,
,,,,,,,,,,,,,,,,,,,,,,,
,,,,,,,,,,,,,,,,,,,,,,,
,,,,,,,,,,,,,,,,,,,,,,,
,,,,,,,,,,,,,,,,,,,,,,,
,,,,,,,,,,,,,,,,,,,,,,,
,,,,,,,,,,,,,,,,,,,,,,,
,,,,,,,,,,,,,,,,,,,,,,,
,,,,,,,,,,,,,,,,,,,,,,,
,,,,,,,,,,,,,,,,,,,,,,,
,,,,,,,,,,,,,,,,,,,,,,,
,,,,,,,,,,,,,,,,,,,,,,,
,,,,,,,,,,,,,,,,,,,,,,,
,,,,,,,,,,,,,,,,,,,,,,,
,,,,,,,,,,,,,,,,,,,,,,,
,,,,,,,,,,,,,,,,,,,,,,,
,,,,,,,,,,,,,,,,,,,,,,,
,,,,,,,,,,,,,,,,,,,,,,,
,,,,,,,,,,,,,,,,,,,,,,,
,,,,,,,,,,,,,,,,,,,,,,,
,,,,,,,,,,,,,,,,,,,,,,,
,,,,,,,,,,,,,,,,,,,,,,,
,,,,,,,,,,,,,,,,,,,,,,,
,,,,,,,,,,,,,,,,,,,,,,,
,,,,,,,,,,,,,,,,,,,,,,,
,,,,,,,,,,,,,,,,,,,,,,,
,,,,,,,,,,,,,,,,,,,,,,,
,,,,,,,,,,,,,,,,,,,,,,,
,,,,,,,,,,,,,,,,,,,,,,,
,,,,,,,,,,,,,,,,,,,,,,,
,,,,,,,,,,,,,,,,,,,,,,,
,,,,,,,,,,,,,,,,,,,,,,,
,,,,,,,,,,,,,,,,,,,,,,,
,,,,,,,,,,,,,,,,,,,,,,,
,,,,,,,,,,,,,,,,,,,,,,,
,,,,,,,,,,,,,,,,,,,,,,,
,,,,,,,,,,,,,,,,,,,,,,,
,,,,,,,,,,,,,,,,,,,,,,,
,,,,,,,,,,,,,,,,,,,,,,,
,,,,,,,,,,,,,,,,,,,,,,,
,,,,,,,,,,,,,,,,,,,,,,,
,,,,,,,,,,,,,,,,,,,,,,,
,,,,,,,,,,,,,,,,,,,,,,,
,,,,,,,,,,,,,,,,,,,,,,,
,,,,,,,,,,,,,,,,,,,,,,,
,,,,,,,,,,,,,,,,,,,,,,,
,,,,,,,,,,,,,,,,,,,,,,,
,,,,,,,,,,,,,,,,,,,,,,,
,,,,,,,,,,,,,,,,,,,,,,,
,,,,,,,,,,,,,,,,,,,,,,,
,,,,,,,,,,,,,,,,,,,,,,,
,,,,,,,,,,,,,,,,,,,,,,,
,,,,,,,,,,,,,,,,,,,,,,,
,,,,,,,,,,,,,,,,,,,,,,,
,,,,,,,,,,,,,,,,,,,,,,,
,,,,,,,,,,,,,,,,,,,,,,,
,,,,,,,,,,,,,,,,,,,,,,,
,,,,,,,,,,,,,,,,,,,,,,,
,,,,,,,,,,,,,,,,,,,,,,,
,,,,,,,,,,,,,,,,,,,,,,,
,,,,,,,,,,,,,,,,,,,,,,,
,,,,,,,,,,,,,,,,,,,,,,,
,,,,,,,,,,,,,,,,,,,,,,,
,,,,,,,,,,,,,,,,,,,,,,,
,,,,,,,,,,,,,,,,,,,,,,,
,,,,,,,,,,,,,,,,,,,,,,,
,,,,,,,,,,,,,,,,,,,,,,,
,,,,,,,,,,,,,,,,,,,,,,,
,,,,,,,,,,,,,,,,,,,,,,,
,,,,,,,,,,,,,,,,,,,,,,,
,,,,,,,,,,,,,,,,,,,,,,,
